model,attack_language,n,mean_token_inflation,mean_tokens_per_char,truncation_risk_rate
ai_sweden_llama3_8b,ara,309,1.0128346421758547,0.4867041050202616,0.0
ai_sweden_llama3_8b,bul,311,1.2372423721844952,0.47769658836855333,0.0
ai_sweden_llama3_8b,dan,312,1.0431224373124401,0.3996402869919446,0.0
ai_sweden_llama3_8b,eng,313,0.7095376964123511,0.2895943391536049,0.0
ai_sweden_llama3_8b,fin,293,1.1765634632431277,0.46948749819559205,0.0
ai_sweden_llama3_8b,ita,313,0.9948424655687155,0.35986635924074933,0.0
ai_sweden_llama3_8b,nor,310,1.0215680131383813,0.3965434283388318,0.0
ai_sweden_llama3_8b,por,312,0.9393745836078788,0.35110003531904616,0.0
ai_sweden_llama3_8b,rus,312,1.0040230622144657,0.3764515481603187,0.0
ai_sweden_llama3_8b,spa,313,0.9359696630665696,0.33617591277206604,0.0
ai_sweden_llama3_8b,swa,309,1.231622664705428,0.45787836331008336,0.0
ai_sweden_llama3_8b,swe,310,1.0,0.39991896453008063,0.0
ai_sweden_llama3_8b,ukr,303,1.052441985085783,0.4073568304364026,0.0
bggpt_7b,ara,309,2.429540665599664,1.0017017922728237,0.0
bggpt_7b,bul,311,1.0,0.33959385805999365,0.0
bggpt_7b,dan,312,1.2910686164039167,0.42790677949444844,0.0
bggpt_7b,eng,313,0.8237354311862309,0.2914091798945802,0.0
bggpt_7b,fin,293,1.441362511799709,0.49584110373031914,0.0
bggpt_7b,ita,313,1.192076361781504,0.3739553720948196,0.0
bggpt_7b,nor,311,1.2793977491286874,0.4295426096859241,0.0
bggpt_7b,por,312,1.193612996698089,0.3852961964002624,0.0
bggpt_7b,rus,312,1.2837560608791991,0.41657284801302963,0.0
bggpt_7b,spa,313,1.2075516693529393,0.3761467297400782,0.0
bggpt_7b,swa,309,1.4866219907750895,0.4790313965405962,0.0
bggpt_7b,swe,310,1.192286624331398,0.4091392037149568,0.0
bggpt_7b,ukr,303,1.380477438426974,0.4623402397819079,0.0
bggpt_gemma_9b,ara,309,0.8933168314204573,0.4323370124951037,0.0
bggpt_gemma_9b,bul,311,1.0,0.39293533128803165,0.0
bggpt_gemma_9b,dan,312,0.8776292407043564,0.33856541541904694,0.0
bggpt_gemma_9b,eng,313,0.6890731423892976,0.2826298824902747,0.0
bggpt_gemma_9b,fin,293,0.9696736360108773,0.39049623894873203,0.0
bggpt_gemma_9b,ita,313,0.8123451098271353,0.29675933988973385,0.0
bggpt_gemma_9b,nor,311,0.8608987878132695,0.3365478666961982,0.0
bggpt_gemma_9b,por,312,0.7797056926127571,0.293395400637655,0.0
bggpt_gemma_9b,rus,312,0.8468265546366909,0.32060266029461243,0.0
bggpt_gemma_9b,spa,313,0.7616020861354652,0.27666744888719247,0.0
bggpt_gemma_9b,swa,309,1.0133128383375838,0.3807787740095368,0.0
bggpt_gemma_9b,swe,241,0.8503952698512856,0.34552392788867076,0.0
bggpt_gemma_9b,ukr,303,1.0038079822846393,0.3922722771166186,0.0
gpt_sw3,ara,309,3.305128952954268,1.0717269325626901,0.0
gpt_sw3,bul,311,3.3842410052465026,0.8841102124928463,0.0
gpt_sw3,dan,312,1.0661554150653398,0.27947577821597414,0.0
gpt_sw3,eng,313,0.9987851111173798,0.2781591091123471,0.0
gpt_sw3,fin,293,1.6683583158305042,0.4498476508610065,0.0
gpt_sw3,ita,313,1.5521963727201513,0.38088970733223404,0.0
gpt_sw3,nor,311,1.0464618758538584,0.27789975048969845,0.0
gpt_sw3,por,312,1.6129490034426188,0.4082553619181492,0.0
gpt_sw3,rus,312,3.4438003525405487,0.8713577021700383,0.0
gpt_sw3,spa,313,1.6578728924360187,0.40466702580544933,0.0
gpt_sw3,swa,309,1.8209421473070346,0.4603652067704918,0.0
gpt_sw3,swe,310,1.0,0.2738053786320165,0.0
gpt_sw3,ukr,303,3.5369707438597766,0.9223470551797663,0.0
llama3_1_8b_reference,ara,309,1.2596010036836567,0.7490153950736635,0.0
llama3_1_8b_reference,bul,311,1.4586655539894753,0.6898220062683715,0.0
llama3_1_8b_reference,dan,312,1.2870033048207943,0.6088104975646013,0.0
llama3_1_8b_reference,eng,313,1.0,0.512663905668011,0.0
llama3_1_8b_reference,fin,293,1.413049695320076,0.6895906076095192,0.0
llama3_1_8b_reference,ita,313,1.244519385583965,0.5584186794297334,0.0
llama3_1_8b_reference,nor,311,1.2668172317095208,0.6088843836113929,0.0
llama3_1_8b_reference,por,312,1.1988442121387517,0.5555639621780586,0.0
llama3_1_8b_reference,rus,312,1.2538574837937746,0.5817811280654346,0.0
llama3_1_8b_reference,spa,313,1.1934749209234243,0.5330382887976477,0.0
llama3_1_8b_reference,swa,309,1.446695633804213,0.6625800211984699,0.0
llama3_1_8b_reference,swe,310,1.2566056476806853,0.6190577843843025,0.0
llama3_1_8b_reference,ukr,303,1.295286333835329,0.6193204411986322,0.0
llamantino_2_ultrachat_7b,ara,309,1.2893221976336222,2.729017187452358,0.0
llamantino_2_ultrachat_7b,bul,311,1.0588683816218385,1.8569290950609905,0.0
llamantino_2_ultrachat_7b,dan,311,1.026272112526776,1.7877356806802467,0.0
llamantino_2_ultrachat_7b,eng,312,0.9361294779546379,1.7609957727549705,0.0
llamantino_2_ultrachat_7b,fin,293,1.062320830804331,1.9260516661742224,0.0
llamantino_2_ultrachat_7b,ita,313,1.0,1.6566840723155285,0.0
llamantino_2_ultrachat_7b,nor,310,1.0239195539878954,1.8113084217634945,0.0
llamantino_2_ultrachat_7b,por,311,1.0017817757593819,1.7101700457344153,0.0
llamantino_2_ultrachat_7b,rus,312,1.0331827819403554,1.7609788429798396,0.0
llamantino_2_ultrachat_7b,spa,312,1.0023025536239167,1.6494802177714616,0.0
llamantino_2_ultrachat_7b,swa,309,1.0774613094868204,1.8196338074065916,0.0
llamantino_2_ultrachat_7b,swe,309,1.0102218331080701,1.8433268498380306,0.0
llamantino_2_ultrachat_7b,ukr,303,1.0506840378284963,1.8432180304156809,0.0
llamantino_anita_8b,ara,309,1.0269025938747343,0.4867041050202616,0.0
llamantino_anita_8b,bul,311,1.2564688903576628,0.47769658836855333,0.0
llamantino_anita_8b,dan,312,1.0560340567774336,0.3996402869919446,0.0
llamantino_anita_8b,eng,313,0.7171856373235507,0.2895943391536049,0.0
llamantino_anita_8b,fin,293,1.196788623100129,0.46948749819559205,0.0
llamantino_anita_8b,ita,313,1.0,0.35986635924074933,0.0
llamantino_anita_8b,nor,311,1.0338506466729513,0.39640186742974076,0.0
llamantino_anita_8b,por,312,0.9490890086429041,0.35110003531904616,0.0
llamantino_anita_8b,rus,312,1.0162965991024897,0.3764515481603187,0.0
llamantino_anita_8b,spa,313,0.9437645937364061,0.33617591277206604,0.0
llamantino_anita_8b,swa,309,1.2445769130609965,0.45787836331008336,0.0
llamantino_anita_8b,swe,310,1.01837137126559,0.39991896453008063,0.0
llamantino_anita_8b,ukr,303,1.0656009208926547,0.4073568304364026,0.0
sabia_3,ara,309,,,0.0
sabia_3,bul,311,,,0.0
sabia_3,dan,310,,,0.0
sabia_3,eng,313,,,0.0
sabia_3,fin,293,,,0.0
sabia_3,ita,313,,,0.0
sabia_3,nor,311,,,0.0
sabia_3,por,312,,,0.0
sabia_3,rus,312,,,0.0
sabia_3,spa,313,,,0.0
sabia_3,swa,309,,,0.0
sabia_3,swe,310,,,0.0
sabia_3,ukr,303,,,0.0
sagui_7b,ara,309,1.9173677606734023,1.14465699552981,0.0
sagui_7b,bul,311,1.1819010488542627,0.5756915709460886,0.0
sagui_7b,dan,312,1.0821715277234378,0.5228911910414425,0.0
sagui_7b,eng,313,0.7949927652436928,0.4120990854202728,0.0
sagui_7b,fin,293,1.1887720114297937,0.5966288853141026,0.0
sagui_7b,ita,313,0.9975367424044106,0.4574280583740647,0.0
sagui_7b,nor,311,1.0748647691819915,0.5264128536812388,0.0
sagui_7b,por,312,1.0,0.47332261075526727,0.0
sagui_7b,rus,312,1.1013054017215156,0.5207881803529403,0.0
sagui_7b,spa,313,1.0060932695978675,0.45852760463062275,0.0
sagui_7b,swa,309,1.2433453870616096,0.5832357937607368,0.0
sagui_7b,swe,310,1.0307846398960214,0.5179897359064306,0.0
sagui_7b,ukr,303,1.1568634791934789,0.5629578214118139,0.0
